{
    "TrainOutput": {
        "global_step": 19614,
        "training_loss": 0.4410831937248266,
        "metrics": {
            "train_runtime": 1900.3207,
            "train_samples_per_second": 82.571,
            "train_steps_per_second": 10.321,
            "total_flos": 2791699357787760.0,
            "train_loss": 0.4410831937248266,
            "epoch": 3.0
        }
    },
    "Epoch_Results": [
        {
            "epoch": 1,
            "training_loss": 0.5145,
            "validation_loss": 0.45956,
            "precision": 0.747649,
            "recall": 0.532397,
            "f1": 0.621925
        },
        {
            "epoch": 2,
            "training_loss": 0.4211,
            "validation_loss": 0.427247,
            "precision": 0.80268,
            "recall": 0.576603,
            "f1": 0.671113
        },
        {
            "epoch": 3,
            "training_loss": 0.3876,
            "validation_loss": 0.408725,
            "precision": 0.816852,
            "recall": 0.601211,
            "f1": 0.692635
        }
    ]
}